Country,Year,No. of cases,No. of deaths,No. of cases_median,No. of cases_min,No. of cases_max,No. of deaths_median,No. of deaths_min,No. of deaths_max
Afghanistan, 2017,630308[495000-801000],298[110-510],630308,495000,801000,298,110,510
Algeria, 2017,0,0,0,,,0,,
Angola, 2017,4615605[3106000-6661000],13316[9970-16600],4615605,3106000,6661000,13316,9970,16600
Argentina, 2017,0,0,0,,,0,,
Armenia, 2017,0,0,0,,,0,,
Azerbaijan, 2017,0,0,0,,,0,,
Bangladesh, 2017,32924[30000-36000],76[3-130],32924,30000,36000,76,3,130
Belize, 2017,7,0,7,,,0,,
Benin, 2017,4111699[2774000-6552000],7328[5740-8920],4111699,2774000,6552000,7328,5740,8920
Bhutan, 2017,11,0,11,,,0,,
Bolivia (Plurinational State of), 2017,6512[4900-8300],2[0-4],6512,4900,8300,2,0,4
Botswana, 2017,2989[2300-4200],7[0-20],2989,2300,4200,7,0,20
Brazil, 2017,217928[196000-236000],30,217928,196000,236000,30,,
Burkina Faso, 2017,7907562[5645000-11330000],27791[25100-30500],7907562,5645000,11330000,27791,25100,30500
Burundi, 2017,2113066[1284000-3401000],5253[4300-6200],2113066,1284000,3401000,5253,4300,6200
Cabo Verde, 2017,423,1,423,,,1,,
Cambodia, 2017,208273[186000-236000],345[30-590],208273,186000,236000,345,30,590
Cameroon, 2017,7307515[4704000-11030000],11566[8900-14200],7307515,4704000,11030000,11566,8900,14200
Central African Republic, 2017,1804550[777000-3363000],4804[3980-5640],1804550,777000,3363000,4804,3980,5640
Chad, 2017,2779489[1449000-4832000],8729[6640-10800],2779489,1449000,4832000,8729,6640,10800
China, 2017,0,0,0,,,0,,
Colombia, 2017,80357[60000-103000],0,80357,60000,103000,0,,
Comoros, 2017,3230,8[0-10],3230,,,8,0,10
Congo, 2017,1039706[559000-1710000],1993[1790-2190],1039706,559000,1710000,1993,1790,2190
Costa Rica, 2017,12,0,12,,,0,,
Côte d'Ivoire, 2017,3373486[1847000-5475000],9579[8090-11100],3373486,1847000,5475000,9579,8090,11100
Democratic People's Republic of Korea, 2017,2184,0,2184,,,0,,
Democratic Republic of the Congo, 2017,25021891[15670000-38570000],46007[35400-56600],25021891,15670000,38570000,46007,35400,56600
Djibouti, 2017,15265,0,15265,,,0,,
Dominican Republic, 2017,405[360-460],1[0-1],405,360,460,1,0,1
Ecuador, 2017,1275,0,1275,,,0,,
Egypt, 2017,0,0,0,,,0,,
El Salvador, 2017,0,0,0,,,0,,
Equatorial Guinea, 2017,435143[269000-653000],669[530-810],435143,269000,653000,669,530,810
Eritrea, 2017,115928[75000-162000],222[10-460],115928,75000,162000,222,10,460
Eswatini, 2017,724,1[0-2],724,,,1,0,2
Ethiopia, 2017,2666954[538000-6277000],5369[80-16700],2666954,538000,6277000,5369,80,16700
Gabon, 2017,341980[145000-651000],505[450-560],341980,145000,651000,505,450,560
Gambia, 2017,119044[96000-144000],674[580-760],119044,96000,144000,674,580,760
Georgia, 2017,0,0,0,,,0,,
Ghana, 2017,7805045[5031000-11880000],10917[10100-11800],7805045,5031000,11880000,10917,10100,11800
Guatemala, 2017,4739[4000-6100],1[0-3],4739,4000,6100,1,0,3
Guinea, 2017,4282165[2858000-6083000],7562[6180-8950],4282165,2858000,6083000,7562,6180,8950
Guinea-Bissau, 2017,107972[40000-263000],688[590-780],107972,40000,263000,688,590,780
Guyana, 2017,24913[19000-34000],33[3-60],24913,19000,34000,33,3,60
Haiti, 2017,32011[22000-43000],81[2-160],32011,22000,43000,81,2,160
Honduras, 2017,1695[1400-2100],1[0-1],1695,1400,2100,1,0,1
India, 2017,9590000[6965000-13260000],16733[1200-31900],9590000,6965000,13260000,16733,1200,31900
Indonesia, 2017,1530566[1232000-1978000],2680[200-5110],1530566,1232000,1978000,2680,200,5110
Iran (Islamic Republic of), 2017,60,0,60,,,0,,
Iraq, 2017,0,0,0,,,0,,
Kazakhstan, 2017,0,0,0,,,0,,
Kenya, 2017,3520384[1970000-5860000],12467[11200-13700],3520384,1970000,5860000,12467,11200,13700
Kyrgyzstan, 2017,0,0,0,,,0,,
Lao People's Democratic Republic, 2017,20712[16000-27000],30[2-60],20712,16000,27000,30,2,60
Liberia, 2017,911333[423000-1571000],2227[1910-2540],911333,423000,1571000,2227,1910,2540
Madagascar, 2017,2324289[1740000-2992000],5950[190-11200],2324289,1740000,2992000,5950,190,11200
Malawi, 2017,4303543[2707000-6366000],7077[6060-8090],4303543,2707000,6366000,7077,6060,8090
Malaysia, 2017,85,10,85,,,10,,
Mali, 2017,7160192[5060000-10180000],12425[9870-15000],7160192,5060000,10180000,12425,9870,15000
Mauritania, 2017,238272[95000-445000],1421[1230-1610],238272,95000,445000,1421,1230,1610
Mexico, 2017,736,0,736,,,0,,
Morocco, 2017,0,0,0,,,0,,
Mozambique, 2017,10025823[7360000-13570000],14713[12200-17200],10025823,7360000,13570000,14713,12200,17200
Myanmar, 2017,116772[95000-140000],218[10-390],116772,95000,140000,218,10,390
Namibia, 2017,89611[71000-109000],229[7-420],89611,71000,109000,229,7,420
Nepal, 2017,3829[3100-4800],1[0-3],3829,3100,4800,1,0,3
Nicaragua, 2017,13711[11000-16000],10[2-20],13711,11000,16000,10,2,20
Niger, 2017,7702777[4039000-12850000],17155[13000-21300],7702777,4039000,12850000,17155,13000,21300
Nigeria, 2017,53667565[36330000-75930000],81640[64400-98800],53667565,36330000,75930000,81640,64400,98800
Oman, 2017,0,0,0,,,0,,
Pakistan, 2017,956280[726000-1348000],805[160-1480],956280,726000,1348000,805,160,1480
Panama, 2017,808[760-860],0,808,760,860,0,,
Papua New Guinea, 2017,1500657[1032000-2063000],3053[170-6120],1500657,1032000,2063000,3053,170,6120
Paraguay, 2017,0,0,0,,,0,,
Peru, 2017,70745[59000-83000],10,70745,59000,83000,10,,
Philippines, 2017,15253[11000-19000],34[1-60],15253,11000,19000,34,1,60
Republic of Korea, 2017,436,0,436,,,0,,
Rwanda, 2017,6172220[4689000-7718000],3270[2990-3550],6172220,4689000,7718000,3270,2990,3550
Sao Tome and Principe, 2017,2239,0,2239,,,0,,
Saudi Arabia, 2017,177,0,177,,,0,,
Senegal, 2017,1024285[701000-1384000],4523[4060-4980],1024285,701000,1384000,4523,4060,4980
Sierra Leone, 2017,2869588[1954000-4250000],17590[16200-19000],2869588,1954000,4250000,17590,16200,19000
Solomon Islands, 2017,103482[79000-141000],134[20-260],103482,79000,141000,134,20,260
Somalia, 2017,541768[319000-814000],1386[40-3100],541768,319000,814000,1386,40,3100
South Africa, 2017,22517,274,22517,,,274,,
South Sudan, 2017,1781704[1055000-2799000],6069[5220-6920],1781704,1055000,2799000,6069,5220,6920
Sri Lanka, 2017,0,0,0,,,0,,
Sudan, 2017,1517910[903000-2348000],3885[110-8940],1517910,903000,2348000,3885,110,8940
Suriname, 2017,40,0,40,,,0,,
Syrian Arab Republic, 2017,0,0,0,,,0,,
Tajikistan, 2017,0,0,0,,,0,,
Thailand, 2017,11043,11,11043,,,11,,
Timor-Leste, 2017,36[30-40],0,36,30,40,0,,
Togo, 2017,2891868[2015000-4257000],5341[4360-6330],2891868,2015000,4257000,5341,4360,6330
Turkey, 2017,0,0,0,,,0,,
Turkmenistan, 2017,0,0,0,,,0,,
Uganda, 2017,8600724[5168000-13630000],14390[11800-16900],8600724,5168000,13630000,14390,11800,16900
United Arab Emirates, 2017,0,0,0,,,0,,
United Republic of Tanzania, 2017,6477825[4140000-9717000],22301[19800-24800],6477825,4140000,9717000,22301,19800,24800
Uzbekistan, 2017,0,0,0,,,0,,
Vanuatu, 2017,2270[1700-3100],2[0-3],2270,1700,3100,2,0,3
Venezuela (Bolivarian Republic of), 2017,519109[433000-665000],456[80-790],519109,433000,665000,456,80,790
Viet Nam, 2017,5481[5100-6000],9[0-20],5481,5100,6000,9,0,20
Yemen, 2017,762995[547000-1083000],1926[70-3760],762995,547000,1083000,1926,70,3760
Zambia, 2017,3475522[2492000-4899000],7618[6600-8630],3475522,2492000,4899000,7618,6600,8630
Zimbabwe, 2017,1239430[826000-1737000],3172[90-6410],1239430,826000,1737000,3172,90,6410
Afghanistan, 2016,614491[439000-838000],294[100-530],614491,439000,838000,294,100,530
Algeria, 2016,0,0,0,,,0,,
Angola, 2016,4485050[3010000-6468000],13197[9840-16600],4485050,3010000,6468000,13197,9840,16600
Argentina, 2016,0,0,0,,,0,,
Armenia, 2016,0,0,0,,,0,,
Azerbaijan, 2016,0,0,0,,,0,,
Bangladesh, 2016,31169[28000-34000],73[3-120],31169,28000,34000,73,3,120
Belize, 2016,4,0,4,,,0,,
Benin, 2016,4007210[2703000-6376000],7137[5570-8710],4007210,2703000,6376000,7137,5570,8710
Bhutan, 2016,15,0,15,,,0,,
Bolivia (Plurinational State of), 2016,7894[5900-10000],2[0-5],7894,5900,10000,2,0,5
Botswana, 2016,1150[890-1600],2[0-5],1150,890,1600,2,0,5
Brazil, 2016,133591[128000-142000],35,133591,128000,142000,35,,
Burkina Faso, 2016,7675183[5478000-11000000],28453[25600-31400],7675183,5478000,11000000,28453,25600,31400
Burundi, 2016,2053294[1247000-3303000],5161[4220-6100],2053294,1247000,3303000,5161,4220,6100
Cabo Verde, 2016,48,1,48,,,1,,
Cambodia, 2016,127552[114000-144000],210[20-360],127552,114000,144000,210,20,360
Cameroon, 2016,7176158[4625000-10820000],11999[9230-14800],7176158,4625000,10820000,11999,9230,14800
Central African Republic, 2016,1780632[762000-3310000],4998[4130-5870],1780632,762000,3310000,4998,4130,5870
Chad, 2016,2689908[1404000-4670000],8900[6730-11100],2689908,1404000,4670000,8900,6730,11100
China, 2016,3,0,3,,,0,,
Colombia, 2016,115125[88000-144000],0,115125,88000,144000,0,,
Comoros, 2016,1143,2[0-4],1143,,,2,0,4
Congo, 2016,1030697[551000-1698000],1996[1780-2210],1030697,551000,1698000,1996,1780,2210
Costa Rica, 2016,4,0,4,,,0,,
Côte d'Ivoire, 2016,3319810[1802000-5391000],9579[8080-11100],3319810,1802000,5391000,9579,8080,11100
Democratic People's Republic of Korea, 2016,2719,0,2719,,,0,,
Democratic Republic of the Congo, 2016,24454696[15330000-37700000],46408[35600-57200],24454696,15330000,37700000,46408,35600,57200
Djibouti, 2016,13804,5,13804,,,5,,
Dominican Republic, 2016,896[760-1000],2[0-4],896,760,1000,2,0,4
Ecuador, 2016,1191,0,1191,,,0,,
Egypt, 2016,0,0,0,,,0,,
El Salvador, 2016,12,0,12,,,0,,
Equatorial Guinea, 2016,427357[264000-642000],728[580-880],427357,264000,642000,728,580,880
Eritrea, 2016,86561[47000-138000],198[7-440],86561,47000,138000,198,7,440
Eswatini, 2016,350,0[0-1],350,,,0,0,1
Ethiopia, 2016,2927266[525000-6983000],5705[80-17900],2927266,525000,6983000,5705,80,17900
Gabon, 2016,334796[142000-637000],502[440-560],334796,142000,637000,502,440,560
Gambia, 2016,253981[204000-307000],667[580-760],253981,204000,307000,667,580,760
Georgia, 2016,0,0,0,,,0,,
Ghana, 2016,7652909[4966000-11680000],11223[10300-12200],7652909,4966000,11680000,11223,10300,12200
Guatemala, 2016,6120[5100-7800],2[0-4],6120,5100,7800,2,0,4
Guinea, 2016,4197876[2801000-5973000],7962[6480-9460],4197876,2801000,5973000,7962,6480,9460
Guinea-Bissau, 2016,105441[39000-257000],684[590-780],105441,39000,257000,684,590,780
Guyana, 2016,22108[17000-30000],28[3-50],22108,17000,30000,28,3,50
Haiti, 2016,35105[24000-47000],89[2-180],35105,24000,47000,89,2,180
Honduras, 2016,5934[4600-7400],6[0-10],5934,4600,7400,6,0,10
India, 2016,12630000[8993000-17830000],22786[1580-45300],12630000,8993000,17830000,22786,1580,45300
Indonesia, 2016,1293337[1043000-1679000],2239[170-4290],1293337,1043000,1679000,2239,170,4290
Iran (Islamic Republic of), 2016,81,0,81,,,0,,
Iraq, 2016,0,0,0,,,0,,
Kazakhstan, 2016,0,0,0,,,0,,
Kenya, 2016,3452117[1921000-5768000],12419[11100-13700],3452117,1921000,5768000,12419,11100,13700
Kyrgyzstan, 2016,0,0,0,,,0,,
Lao People's Democratic Republic, 2016,28152[21000-36000],34[4-60],28152,21000,36000,34,4,60
Liberia, 2016,898524[417000-1550000],2213[1890-2530],898524,417000,1550000,2213,1890,2530
Madagascar, 2016,1692049[1241000-2231000],4331[140-8280],1692049,1241000,2231000,4331,140,8280
Malawi, 2016,4223467[2647000-6235000],7177[6110-8250],4223467,2647000,6235000,7177,6110,8250
Malaysia, 2016,266,2,266,,,2,,
Mali, 2016,6902717[4871000-9821000],13974[11100-16900],6902717,4871000,9821000,13974,11100,16900
Mauritania, 2016,298498[138000-540000],1402[1210-1590],298498,138000,540000,1402,1210,1590
Mexico, 2016,551,0,551,,,0,,
Morocco, 2016,0,0,0,,,0,,
Mozambique, 2016,9753050[7163000-13210000],15269[12600-17900],9753050,7163000,13210000,15269,12600,17900
Myanmar, 2016,262577[214000-316000],444[30-800],262577,214000,316000,444,30,800
Namibia, 2016,41608[33000-51000],106[3-190],41608,33000,51000,106,3,190
Nepal, 2016,2754[1900-4800],1[0-4],2754,1900,4800,1,0,4
Nicaragua, 2016,7854[6600-9200],6[1-10],7854,6600,9200,6,1,10
Niger, 2016,7457829[3910000-12420000],18226[13800-22700],7457829,3910000,12420000,18226,13800,22700
Nigeria, 2016,52357005[35450000-74040000],90378[71100-110000],52357005,35450000,74040000,90378,71100,110000
Oman, 2016,0,0,0,,,0,,
Pakistan, 2016,1202476[823000-1904000],1013[200-2030],1202476,823000,1904000,1013,200,2030
Panama, 2016,817[790-870],0,817,790,870,0,,
Papua New Guinea, 2016,1469150[1063000-1958000],3109[160-6100],1469150,1063000,1958000,3109,160,6100
Paraguay, 2016,0,0,0,,,0,,
Peru, 2016,71056[60000-83000],7,71056,60000,83000,7,,
Philippines, 2016,16173[12000-21000],36[1-70],16173,12000,21000,36,1,70
Republic of Korea, 2016,602,0,602,,,0,,
Rwanda, 2016,6608358[5020000-8268000],3242[2950-3530],6608358,5020000,8268000,3242,2950,3530
Sao Tome and Principe, 2016,2238,0,2238,,,0,,
Saudi Arabia, 2016,272,0,272,,,0,,
Senegal, 2016,836561[574000-1124000],4475[4000-4950],836561,574000,1124000,4475,4000,4950
Sierra Leone, 2016,2796045[1904000-4132000],17550[16100-19000],2796045,1904000,4132000,17550,16100,19000
Solomon Islands, 2016,84451[71000-102000],103[10-180],84451,71000,102000,103,10,180
Somalia, 2016,528591[310000-794000],1353[40-3010],528591,310000,794000,1353,40,3010
South Africa, 2016,4323,34,4323,,,34,,
South Sudan, 2016,1739256[1030000-2735000],5821[5010-6630],1739256,1030000,2735000,5821,5010,6630
Sri Lanka, 2016,0,0,0,,,0,,
Sudan, 2016,1484475[879000-2301000],3800[100-8720],1484475,879000,2301000,3800,100,8720
Suriname, 2016,76,0,76,,,0,,
Syrian Arab Republic, 2016,0,0,0,,,0,,
Tajikistan, 2016,0,0,0,,,0,,
Thailand, 2016,13451,27,13451,,,27,,
Timor-Leste, 2016,148[120-170],0,148,120,170,0,,
Togo, 2016,2862933[1997000-4209000],5381[4370-6380],2862933,1997000,4209000,5381,4370,6380
Turkey, 2016,0,0,0,,,0,,
Turkmenistan, 2016,0,0,0,,,0,,
Uganda, 2016,8425793[5051000-13370000],14101[11600-16600],8425793,5051000,13370000,14101,11600,16600
United Arab Emirates, 2016,0,0,0,,,0,,
United Republic of Tanzania, 2016,6317222[4017000-9481000],21981[19500-24500],6317222,4017000,9481000,21981,19500,24500
Uzbekistan, 2016,0,0,0,,,0,,
Vanuatu, 2016,4184[3200-5700],2[0-4],4184,3200,5700,2,0,4
Venezuela (Bolivarian Republic of), 2016,303471[253000-387000],281[50-490],303471,253000,387000,281,50,490
Viet Nam, 2016,5024[4600-5600],8[0-10],5024,4600,5600,8,0,10
Yemen, 2016,667967[477000-946000],1698[60-3290],667967,477000,946000,1698,60,3290
Zambia, 2016,3387771[2422000-4776000],7588[6540-8630],3387771,2422000,4776000,7588,6540,8630
Zimbabwe, 2016,740192[501000-1009000],1894[60-3800],740192,501000,1009000,1894,60,3800
Afghanistan, 2015,369809[247000-524000],175[60-320],369809,247000,524000,175,60,320
Algeria, 2015,0,0,0,,,0,,
Angola, 2015,4303582[2882000-6212000],13046[9640-16400],4303582,2882000,6212000,13046,9640,16400
Argentina, 2015,0,0,0,,,0,,
Armenia, 2015,0,0,0,,,0,,
Azerbaijan, 2015,0,0,0,,,0,,
Bangladesh, 2015,44948[41000-49000],107[4-180],44948,41000,49000,107,4,180
Belize, 2015,9,0,9,,,0,,
Benin, 2015,3787806[2518000-6071000],6872[5340-8410],3787806,2518000,6071000,6872,5340,8410
Bhutan, 2015,34,0,34,,,0,,
Bolivia (Plurinational State of), 2015,9792[7300-12000],3[1-7],9792,7300,12000,3,1,7
Botswana, 2015,519[400-730],1[0-2],519,400,730,1,0,2
Brazil, 2015,158963[143000-172000],35,158963,143000,172000,35,,
Burkina Faso, 2015,7770245[5534000-11050000],29833[26500-33100],7770245,5534000,11050000,29833,26500,33100
Burundi, 2015,1957365[1186000-3159000],5044[4110-5980],1957365,1186000,3159000,5044,4110,5980
Cabo Verde, 2015,7,0,7,,,0,,
Cambodia, 2015,224858[201000-256000],385[30-660],224858,201000,256000,385,30,660
Cameroon, 2015,7223417[4647000-10940000],12445[9580-15300],7223417,4647000,10940000,12445,9580,15300
Central African Republic, 2015,1758188[754000-3277000],5289[4350-6220],1758188,754000,3277000,5289,4350,6220
Chad, 2015,2690084[1407000-4633000],9206[6950-11500],2690084,1407000,4633000,9206,6950,11500
China, 2015,39,0,39,,,0,,
Colombia, 2015,72460[54000-93000],0,72460,54000,93000,0,,
Comoros, 2015,1300,3[0-5],1300,,,3,0,5
Congo, 2015,1044034[561000-1718000],2001[1780-2220],1044034,561000,1718000,2001,1780,2220
Costa Rica, 2015,0,0,0,,,0,,
Côte d'Ivoire, 2015,3395695[1860000-5510000],9800[8220-11400],3395695,1860000,5510000,9800,8220,11400
Democratic People's Republic of Korea, 2015,773,0,773,,,0,,
Democratic Republic of the Congo, 2015,24159871[15210000-37230000],46276[35500-57000],24159871,15210000,37230000,46276,35500,57000
Djibouti, 2015,9473,23,9473,,,23,,
Dominican Republic, 2015,751[660-850],1[0-3],751,660,850,1,0,3
Ecuador, 2015,618,0,618,,,0,,
Egypt, 2015,0,0,0,,,0,,
El Salvador, 2015,2,0,2,,,0,,
Equatorial Guinea, 2015,418770[259000-628000],807[640-970],418770,259000,628000,807,640,970
Eritrea, 2015,64176[41000-89000],129[6-270],64176,41000,89000,129,6,270
Eswatini, 2015,157,0,157,,,0,,
Ethiopia, 2015,3632424[520000-9265000],6795[80-22700],3632424,520000,9265000,6795,80,22700
Gabon, 2015,333155[143000-631000],498[440-560],333155,143000,631000,498,440,560
Gambia, 2015,412588[333000-501000],659[570-750],412588,333000,501000,659,570,750
Georgia, 2015,0,0,0,,,0,,
Ghana, 2015,7513657[4861000-11440000],11749[10600-12900],7513657,4861000,11440000,11749,10600,12900
Guatemala, 2015,8621[7200-11000],3[1-6],8621,7200,11000,3,1,6
Guinea, 2015,4205085[2811000-5957000],8542[6900-10200],4205085,2811000,5957000,8542,6900,10200
Guinea-Bissau, 2015,106338[40000-258000],661[570-760],106338,40000,258000,661,570,760
Guyana, 2015,17848[13000-24000],22[2-40],17848,13000,24000,22,2,40
Haiti, 2015,31181[21000-42000],79[2-160],31181,21000,42000,79,2,160
Honduras, 2015,4745[3800-5800],4[0-7],4745,3800,5800,4,0,7
India, 2015,12200000[9175000-16200000],22326[1520-42000],12200000,9175000,16200000,22326,1520,42000
Indonesia, 2015,1284900[1038000-1663000],2023[170-3840],1284900,1038000,1663000,2023,170,3840
Iran (Islamic Republic of), 2015,167,0,167,,,0,,
Iraq, 2015,0,0,0,,,0,,
Kazakhstan, 2015,0,0,0,,,0,,
Kenya, 2015,3455175[1921000-5783000],12331[11000-13600],3455175,1921000,5783000,12331,11000,13600
Kyrgyzstan, 2015,0,0,0,,,0,,
Lao People's Democratic Republic, 2015,79592[60000-103000],103[10-190],79592,60000,103000,103,10,190
Liberia, 2015,903748[427000-1559000],2158[1840-2470],903748,427000,1559000,2158,1840,2470
Madagascar, 2015,2840141[2078000-3761000],7270[230-14000],2840141,2078000,3761000,7270,230,14000
Malawi, 2015,4102579[2573000-6068000],7384[6240-8530],4102579,2573000,6068000,7384,6240,8530
Malaysia, 2015,242,4,242,,,4,,
Mali, 2015,6833022[4836000-9683000],16151[12700-19600],6833022,4836000,9683000,16151,12700,19600
Mauritania, 2015,249961[100000-467000],1383[1190-1570],249961,100000,467000,1383,1190,1570
Mexico, 2015,517,0,517,,,0,,
Morocco, 2015,0,0,0,,,0,,
Mozambique, 2015,9496089[6976000-12850000],15985[13100-18900],9496089,6976000,12850000,15985,13100,18900
Myanmar, 2015,425073[348000-511000],754[60-1370],425073,348000,511000,754,60,1370
Namibia, 2015,20092[16000-24000],51[1-90],20092,16000,24000,51,1,90
Nepal, 2015,4084[2300-8700],2[0-7],4084,2300,8700,2,0,7
Nicaragua, 2015,2853[2400-3300],2[0-3],2853,2400,3300,2,0,3
Niger, 2015,7397212[3902000-12230000],18769[14200-23300],7397212,3902000,12230000,18769,14200,23300
Nigeria, 2015,52697962[35940000-74500000],98478[77400-120000],52697962,35940000,74500000,98478,77400,120000
Oman, 2015,0,0,0,,,0,,
Pakistan, 2015,992605[533000-2002000],781[150-1940],992605,533000,2002000,781,150,1940
Panama, 2015,580[560-620],0,580,560,620,0,,
Papua New Guinea, 2015,1066533[736000-1454000],2228[110-4450],1066533,736000,1454000,2228,110,4450
Paraguay, 2015,0,0,0,,,0,,
Peru, 2015,91640[77000-108000],5,91640,77000,108000,5,,
Philippines, 2015,26726[20000-35000],59[2-120],26726,20000,35000,59,2,120
Republic of Korea, 2015,627,0,627,,,0,,
Rwanda, 2015,3799535[2887000-4747000],3218[2910-3530],3799535,2887000,4747000,3218,2910,3530
Sao Tome and Principe, 2015,2058,0,2058,,,0,,
Saudi Arabia, 2015,83,0,83,,,0,,
Senegal, 2015,1176494[798000-1591000],4424[3940-4910],1176494,798000,1591000,4424,3940,4910
Sierra Leone, 2015,2727461[1860000-4045000],17700[16100-19300],2727461,1860000,4045000,17700,16100,19300
Solomon Islands, 2015,39916[33000-49000],58[5-100],39916,33000,49000,58,5,100
Somalia, 2015,514253[302000-770000],1316[40-2940],514253,302000,770000,1316,40,2940
South Africa, 2015,1157,110,1157,,,110,,
South Sudan, 2015,1805509[1081000-2834000],5570[4790-6340],1805509,1081000,2834000,5570,4790,6340
Sri Lanka, 2015,0,0,0,,,0,,
Sudan, 2015,1476591[873000-2288000],3780[100-8730],1476591,873000,2288000,3780,100,8730
Suriname, 2015,81,0,81,,,0,,
Syrian Arab Republic, 2015,0,0,0,,,0,,
Tajikistan, 2015,0,0,0,,,0,,
Thailand, 2015,17427,33,17427,,,33,,
Timor-Leste, 2015,141[120-160],0,141,120,160,0,,
Togo, 2015,2800982[1943000-4129000],5268[4290-6250],2800982,1943000,4129000,5268,4290,6250
Turkey, 2015,0,0,0,,,0,,
Turkmenistan, 2015,0,0,0,,,0,,
Uganda, 2015,8182789[4914000-12970000],13809[11300-16300],8182789,4914000,12970000,13809,11300,16300
United Arab Emirates, 2015,0,0,0,,,0,,
United Republic of Tanzania, 2015,6085465[3870000-9136000],21662[19100-24200],6085465,3870000,9136000,21662,19100,24200
Uzbekistan, 2015,0,0,0,,,0,,
Vanuatu, 2015,788[670-940],0[0-1],788,670,940,0,0,1
Venezuela (Bolivarian Republic of), 2015,172036[144000-220000],162[30-280],172036,144000,220000,162,30,280
Viet Nam, 2015,11283[10000-12000],16[1-30],11283,10000,12000,16,1,30
Yemen, 2015,1022338[606000-4645000],2607[80-11600],1022338,606000,4645000,2607,80,11600
Zambia, 2015,3347169[2398000-4710000],7526[6470-8580],3347169,2398000,4710000,7526,6470,8580
Zimbabwe, 2015,1081888[739000-1465000],2769[80-5480],1081888,739000,1465000,2769,80,5480
Afghanistan, 2014,284198[189000-409000],136[50-260],284198,189000,409000,136,50,260
Algeria, 2014,0,0,0,,,0,,
Angola, 2014,3768087[2485000-5526000],12763[9410-16100],3768087,2485000,5526000,12763,9410,16100
Argentina, 2014,0,0,0,,,0,,
Armenia, 2014,0,0,0,,,0,,
Azerbaijan, 2014,0,0,0,,,0,,
Bangladesh, 2014,53948[49000-59000],132[5-210],53948,49000,59000,132,5,210
Belize, 2014,19,0,19,,,0,,
Benin, 2014,3387590[2299000-5154000],6709[5190-8220],3387590,2299000,5154000,6709,5190,8220
Bhutan, 2014,19,0,19,,,0,,
Bolivia (Plurinational State of), 2014,11512[8400-15000],5[1-9],11512,8400,15000,5,1,9
Botswana, 2014,2065[1600-2900],5[0-10],2065,1600,2900,5,0,10
Brazil, 2014,146675[141000-156000],36,146675,141000,156000,36,,
Burkina Faso, 2014,8258938[5941000-11230000],31910[28100-35700],8258938,5941000,11230000,31910,28100,35700
Burundi, 2014,1688069[999000-2680000],4964[4030-5900],1688069,999000,2680000,4964,4030,5900
Cabo Verde, 2014,26,2,26,,,2,,
Cambodia, 2014,247065[221000-281000],410[30-700],247065,221000,281000,410,30,700
Cameroon, 2014,7282873[4754000-11060000],12638[9710-15500],7282873,4754000,11060000,12638,9710,15500
Central African Republic, 2014,1786895[746000-3255000],5668[4640-6690],1786895,746000,3255000,5668,4640,6690
Chad, 2014,2797275[1513000-4737000],9749[7350-12200],2797275,1513000,4737000,9749,7350,12200
China, 2014,56,0,56,,,0,,
Colombia, 2014,56815[43000-71000],17,56815,43000,71000,17,,
Comoros, 2014,2203,5[0-8],2203,,,5,0,8
Congo, 2014,1017800[569000-1712000],2000[1770-2230],1017800,569000,1712000,2000,1770,2230
Costa Rica, 2014,0,0,0,,,0,,
Côte d'Ivoire, 2014,3592810[2104000-5852000],9793[8200-11400],3592810,2104000,5852000,9793,8200,11400
Democratic People's Republic of Korea, 2014,10535,0,10535,,,0,,
Democratic Republic of the Congo, 2014,23031390[14630000-35610000],46449[35600-57300],23031390,14630000,35610000,46449,35600,57300
Djibouti, 2014,9439,28,9439,,,28,,
Dominican Republic, 2014,546[480-620],1[0-2],546,480,620,1,0,2
Ecuador, 2014,242,0,242,,,0,,
Egypt, 2014,22,0,22,,,0,,
El Salvador, 2014,6,0,6,,,0,,
Equatorial Guinea, 2014,413388[252000-626000],919[730-1110],413388,252000,626000,919,730,1110
Eritrea, 2014,109689[70000-153000],227[10-470],109689,70000,153000,227,10,470
Eswatini, 2014,711,1[0-2],711,,,1,0,2
Ethiopia, 2014,3825848[430000-10260000],6694[60-24000],3825848,430000,10260000,6694,60,24000
Gabon, 2014,341474[139000-642000],490[430-550],341474,139000,642000,490,430,550
Gambia, 2014,291528[235000-354000],652[560-750],291528,235000,354000,652,560,750
Georgia, 2014,0,0,0,,,0,,
Ghana, 2014,8113023[5384000-12160000],12625[11300-14000],8113023,5384000,12160000,12625,11300,14000
Guatemala, 2014,7170[6000-9200],2[1-5],7170,6000,9200,2,1,5
Guinea, 2014,4255458[2833000-5892000],9428[7580-11300],4255458,2833000,5892000,9428,7580,11300
Guinea-Bissau, 2014,103918[38000-239000],660[560-760],103918,38000,239000,660,560,760
Guyana, 2014,22085[17000-30000],28[3-50],22085,17000,30000,28,3,50
Haiti, 2014,31950[22000-43000],81[2-160],31950,22000,43000,81,2,160
Honduras, 2014,4484[3600-5500],3[0-5],4484,3600,5500,3,0,5
India, 2014,11420000[8506000-15510000],20647[1410-39800],11420000,8506000,15510000,20647,1410,39800
Indonesia, 2014,1492130[1204000-1935000],2406[200-4570],1492130,1204000,1935000,2406,200,4570
Iran (Islamic Republic of), 2014,358,0,358,,,0,,
Iraq, 2014,0,0,0,,,0,,
Kazakhstan, 2014,0,0,0,,,0,,
Kenya, 2014,3916556[2205000-6574000],12242[10900-13600],3916556,2205000,6574000,12242,10900,13600
Kyrgyzstan, 2014,0,0,0,,,0,,
Lao People's Democratic Republic, 2014,105109[79000-136000],160[10-300],105109,79000,136000,160,10,300
Liberia, 2014,877199[421000-1502000],2176[1850-2500],877199,421000,1502000,2176,1850,2500
Madagascar, 2014,1303958[940000-1752000],3338[100-6560],1303958,940000,1752000,3338,100,6560
Malawi, 2014,4161861[2743000-6007000],7737[6490-8990],4161861,2743000,6007000,7737,6490,8990
Malaysia, 2014,3147,4,3147,,,4,,
Mali, 2014,7468113[5359000-10370000],18224[14300-22100],7468113,5359000,10370000,18224,14300,22100
Mauritania, 2014,193933[69000-376000],1355[1160-1550],193933,69000,376000,1355,1160,1550
Mexico, 2014,656,0,656,,,0,,
Morocco, 2014,0,0,0,,,0,,
Mozambique, 2014,9425097[6967000-12880000],16804[13700-19900],9425097,6967000,12880000,16804,13700,19900
Myanmar, 2014,480112[352000-667000],913[60-1830],480112,352000,667000,913,60,1830
Namibia, 2014,26278[21000-32000],67[2-120],26278,21000,32000,67,2,120
Nepal, 2014,4933[3100-9700],3[0-8],4933,3100,9700,3,0,8
Nicaragua, 2014,1430[1200-1700],0[0-1],1430,1200,1700,0,0,1
Niger, 2014,7700900[4169000-12400000],20025[15100-24900],7700900,4169000,12400000,20025,15100,24900
Nigeria, 2014,59365039[41180000-81580000],107843[84600-131000],59365039,41180000,81580000,107843,84600,131000
Oman, 2014,0,0,0,,,0,,
Pakistan, 2014,1373352[747000-2602000],981[220-2300],1373352,747000,2602000,981,220,2300
Panama, 2014,1016[960-1100],0,1016,960,1100,0,,
Papua New Guinea, 2014,1931287[1185000-2926000],3728[220-7860],1931287,1185000,2926000,3728,220,7860
Paraguay, 2014,0,0,0,,,0,,
Peru, 2014,81884[69000-96000],4,81884,69000,96000,4,,
Philippines, 2014,14293[11000-18000],30[1-60],14293,11000,18000,30,1,60
Republic of Korea, 2014,557,0,557,,,0,,
Rwanda, 2014,2405272[1826000-3011000],3202[2880-3530],2405272,1826000,3011000,3202,2880,3530
Sao Tome and Principe, 2014,1754,0,1754,,,0,,
Saudi Arabia, 2014,30,0,30,,,0,,
Senegal, 2014,673074[498000-869000],4364[3870-4860],673074,498000,869000,4364,3870,4860
Sierra Leone, 2014,2683566[1754000-4004000],18143[16400-19900],2683566,1754000,4004000,18143,16400,19900
Solomon Islands, 2014,30591[25000-39000],49[4-90],30591,25000,39000,49,4,90
Somalia, 2014,430886[267000-641000],1103[30-2440],430886,267000,641000,1103,30,2440
South Africa, 2014,11705,174,11705,,,174,,
South Sudan, 2014,1668785[970000-2686000],5321[4580-6060],1668785,970000,2686000,5321,4580,6060
Sri Lanka, 2014,0,0,0,,,0,,
Sudan, 2014,1293793[789000-2009000],3312[90-7640],1293793,789000,2009000,3312,90,7640
Suriname, 2014,401,1,401,,,1,,
Syrian Arab Republic, 2014,0,0,0,,,0,,
Tajikistan, 2014,2,0,2,,,0,,
Thailand, 2014,37921,38,37921,,,38,,
Timor-Leste, 2014,567[480-660],0[0-1],567,480,660,0,0,1
Togo, 2014,2626144[1814000-3785000],4933[4020-5850],2626144,1814000,3785000,4933,4020,5850
Turkey, 2014,0,0,0,,,0,,
Turkmenistan, 2014,0,0,0,,,0,,
Uganda, 2014,7040282[4174000-11000000],14003[11400-16600],7040282,4174000,11000000,14003,11400,16600
United Arab Emirates, 2014,0,0,0,,,0,,
United Republic of Tanzania, 2014,5927919[3724000-8923000],21330[18800-23900],5927919,3724000,8923000,21330,18800,23900
Uzbekistan, 2014,0,0,0,,,0,,
Vanuatu, 2014,2431[1800-3300],2[0-4],2431,1800,3300,2,0,4
Venezuela (Bolivarian Republic of), 2014,114404[96000-148000],119[20-210],114404,96000,148000,119,20,210
Viet Nam, 2014,19060[18000-21000],29[2-50],19060,18000,21000,29,2,50
Yemen, 2014,1168534[686000-4710000],2983[90-13600],1168534,686000,4710000,2983,90,13600
Zambia, 2014,3534876[2468000-4925000],7451[6380-8530],3534876,2468000,4925000,7451,6380,8530
Zimbabwe, 2014,1093731[812000-1394000],2799[90-5290],1093731,812000,1394000,2799,90,5290
Afghanistan, 2013,213914[118000-352000],99[30-200],213914,118000,352000,99,30,200
Algeria, 2013,8,0,8,,,0,,
Angola, 2013,3384997[2191000-4970000],12399[9070-15700],3384997,2191000,4970000,12399,9070,15700
Argentina, 2013,0,0,0,,,0,,
Armenia, 2013,0,0,0,,,0,,
Azerbaijan, 2013,0,0,0,,,0,,
Bangladesh, 2013,25019[22000-28000],60[2-100],25019,22000,28000,60,2,100
Belize, 2013,20,0,20,,,0,,
Benin, 2013,3219441[2175000-4744000],6633[5130-8140],3219441,2175000,4744000,6633,5130,8140
Bhutan, 2013,15,0,15,,,0,,
Bolivia (Plurinational State of), 2013,11356[8300-15000],7[1-10],11356,8300,15000,7,1,10
Botswana, 2013,725[570-1000],1[0-3],725,570,1000,1,0,3
Brazil, 2013,194191[175000-211000],40,194191,175000,211000,40,,
Burkina Faso, 2013,8736057[6232000-11820000],33414[29200-37600],8736057,6232000,11820000,33414,29200,37600
Burundi, 2013,1539318[911000-2416000],4857[3930-5790],1539318,911000,2416000,4857,3930,5790
Cabo Verde, 2013,22,0,22,,,0,,
Cambodia, 2013,173259[155000-196000],238[20-400],173259,155000,196000,238,20,400
Cameroon, 2013,6960282[4546000-10510000],12484[9620-15400],6960282,4546000,10510000,12484,9620,15400
Central African Republic, 2013,1885599[804000-3320000],6106[4990-7220],1885599,804000,3320000,6106,4990,7220
Chad, 2013,2947833[1699000-4685000],10632[8000-13300],2947833,1699000,4685000,10632,8000,13300
China, 2013,86,0,86,,,0,,
Colombia, 2013,72044[55000-90000],10,72044,55000,90000,10,,
Comoros, 2013,53156,134[5-210],53156,,,134,5,210
Congo, 2013,975903[562000-1638000],1994[1760-2230],975903,562000,1638000,1994,1760,2230
Costa Rica, 2013,0,0,0,,,0,,
Côte d'Ivoire, 2013,4332409[2601000-6860000],10871[9020-12700],4332409,2601000,6860000,10871,9020,12700
Democratic People's Republic of Korea, 2013,14407,0,14407,,,0,,
Democratic Republic of the Congo, 2013,22488362[14430000-34870000],46747[35800-57600],22488362,14430000,34870000,46747,35800,57600
Djibouti, 2013,1684,17,1684,,,17,,
Dominican Republic, 2013,720[610-840],1[0-3],720,610,840,1,0,3
Ecuador, 2013,368,0,368,,,0,,
Egypt, 2013,0,0,0,,,0,,
El Salvador, 2013,6,0,6,,,0,,
Equatorial Guinea, 2013,496542[308000-725000],1017[810-1220],496542,308000,725000,1017,810,1220
Eritrea, 2013,49309[31000-70000],88[5-180],49309,31000,70000,88,5,180
Eswatini, 2013,962,2[0-3],962,,,2,0,3
Ethiopia, 2013,5173952[420000-21680000],9520[50-50800],5173952,420000,21680000,9520,50,50800
Gabon, 2013,339163[134000-622000],478[420-540],339163,134000,622000,478,420,540
Gambia, 2013,471968[377000-575000],644[550-740],471968,377000,575000,644,550,740
Georgia, 2013,0,0,0,,,0,,
Ghana, 2013,8552123[5764000-12670000],13686[12100-15300],8552123,5764000,12670000,13686,12100,15300
Guatemala, 2013,7886[6600-10000],3[1-5],7886,6600,10000,3,1,5
Guinea, 2013,4344956[3003000-5922000],10278[8220-12300],4344956,3003000,5922000,10278,8220,12300
Guinea-Bissau, 2013,102461[39000-216000],657[560-760],102461,39000,216000,657,560,760
Guyana, 2013,56946[43000-78000],90[7-180],56946,43000,78000,90,7,180
Haiti, 2013,48004[30000-73000],122[3-270],48004,30000,73000,122,3,270
Honduras, 2013,7205[5700-8800],6[1-10],7205,5700,8800,6,1,10
India, 2013,11210000[8306000-15110000],17086[1530-32100],11210000,8306000,15110000,17086,1530,32100
Indonesia, 2013,2033858[1643000-2632000],3236[280-6170],2033858,1643000,2632000,3236,280,6170
Iran (Islamic Republic of), 2013,479,0,479,,,0,,
Iraq, 2013,0,0,0,,,0,,
Kazakhstan, 2013,0,0,0,,,0,,
Kenya, 2013,3754660[2110000-6328000],12111[10700-13500],3754660,2110000,6328000,12111,10700,13500
Kyrgyzstan, 2013,0,0,0,,,0,,
Lao People's Democratic Republic, 2013,80695[60000-104000],148[10-280],80695,60000,104000,148,10,280
Liberia, 2013,907189[483000-1425000],2208[1870-2540],907189,483000,1425000,2208,1870,2540
Madagascar, 2013,1813487[1184000-2781000],4642[140-10000],1813487,1184000,2781000,4642,140,10000
Malawi, 2013,4169285[2817000-6014000],8161[6790-9530],4169285,2817000,6014000,8161,6790,9530
Malaysia, 2013,2921,10,2921,,,10,,
Mali, 2013,7448756[5311000-10230000],19765[15500-24100],7448756,5311000,10230000,19765,15500,24100
Mauritania, 2013,127145[38000-263000],1296[1110-1480],127145,38000,263000,1296,1110,1480
Mexico, 2013,495,0,495,,,0,,
Morocco, 2013,0,0,0,,,0,,
Mozambique, 2013,9644363[7129000-13080000],17334[14100-20600],9644363,7129000,13080000,17334,14100,20600
Myanmar, 2013,709051[529000-978000],1356[90-2690],709051,529000,978000,1356,90,2690
Namibia, 2013,8109[6500-9900],20[0-40],8109,6500,9900,20,0,40
Nepal, 2013,10326[7200-18000],7[1-20],10326,7200,18000,7,1,20
Nicaragua, 2013,1455[1200-1700],1[0-1],1455,1200,1700,1,0,1
Niger, 2013,7780901[4452000-12230000],21180[16000-26400],7780901,4452000,12230000,21180,16000,26400
Nigeria, 2013,62020888[43310000-84840000],116472[91200-142000],62020888,43310000,84840000,116472,91200,142000
Oman, 2013,0,0,0,,,0,,
Pakistan, 2013,1419225[762000-2687000],1047[220-2390],1419225,762000,2687000,1047,220,2390
Panama, 2013,758[730-810],0,758,730,810,0,,
Papua New Guinea, 2013,1677722[956000-2546000],4044[150-8350],1677722,956000,2546000,4044,150,8350
Paraguay, 2013,0,0,0,,,0,,
Peru, 2013,61137[51000-72000],4,61137,51000,72000,4,,
Philippines, 2013,17718[13000-22000],36[1-70],17718,13000,22000,36,1,70
Republic of Korea, 2013,383,0,383,,,0,,
Rwanda, 2013,1304560[1093000-1531000],3200[2850-3550],1304560,1093000,1531000,3200,2850,3550
Sao Tome and Principe, 2013,9243,11,9243,,,11,,
Saudi Arabia, 2013,34,0,34,,,0,,
Senegal, 2013,1126085[782000-1484000],4252[3760-4740],1126085,782000,1484000,4252,3760,4740
Sierra Leone, 2013,2717309[1808000-4035000],19129[17100-21200],2717309,1808000,4035000,19129,17100,21200
Solomon Islands, 2013,53689[40000-75000],83[7-160],53689,40000,75000,83,7,160
Somalia, 2013,366378[222000-544000],937[20-2080],366378,222000,544000,937,20,2080
South Africa, 2013,8645,105,8645,,,105,,
South Sudan, 2013,1707171[1007000-2741000],5075[4370-5780],1707171,1007000,2741000,5075,4370,5780
Sri Lanka, 2013,0,0,0,,,0,,
Sudan, 2013,1115132[683000-1694000],2854[80-6440],1115132,683000,1694000,2854,80,6440
Suriname, 2013,729,1,729,,,1,,
Syrian Arab Republic, 2013,0,0,0,,,0,,
Tajikistan, 2013,3,0,3,,,0,,
Thailand, 2013,33302,47,33302,,,47,,
Timor-Leste, 2013,1709[1500-2000],2[0-4],1709,1500,2000,2,0,4
Togo, 2013,2484119[1690000-3568000],4689[3820-5560],2484119,1690000,3568000,4689,3820,5560
Turkey, 2013,0,0,0,,,0,,
Turkmenistan, 2013,0,0,0,,,0,,
Uganda, 2013,7407982[4431000-11680000],14254[11600-16900],7407982,4431000,11680000,14254,11600,16900
United Arab Emirates, 2013,0,0,0,,,0,,
United Republic of Tanzania, 2013,5792430[3646000-8693000],20990[18400-23600],5792430,3646000,8693000,20990,18400,23600
Uzbekistan, 2013,0,0,0,,,0,,
Vanuatu, 2013,5334[4000-7200],7[0-10],5334,4000,7200,7,0,10
Venezuela (Bolivarian Republic of), 2013,99809[83000-129000],114[20-200],99809,83000,129000,114,20,200
Viet Nam, 2013,20760[19000-23000],34[2-60],20760,19000,23000,34,2,60
Yemen, 2013,707544[507000-1009000],1805[60-3480],707544,507000,1009000,1805,60,3480
Zambia, 2013,3355470[2292000-4698000],7042[6040-8040],3355470,2292000,4698000,7042,6040,8040
Zimbabwe, 2013,863883[617000-1122000],2211[70-4270],863883,617000,1122000,2211,70,4270
Afghanistan, 2012,278223[134000-472000],117[30-260],278223,134000,472000,117,30,260
Algeria, 2012,55,0,55,,,0,,
Angola, 2012,3111760[1964000-4531000],12437[9050-15800],3111760,1964000,4531000,12437,9050,15800
Argentina, 2012,0,0,0,,,0,,
Armenia, 2012,0,0,0,,,0,,
Azerbaijan, 2012,3,0,3,,,0,,
Bangladesh, 2012,35333[31000-40000],87[3-140],35333,31000,40000,87,3,140
Belize, 2012,33,0,33,,,0,,
Benin, 2012,3307673[2272000-4869000],6940[5380-8500],3307673,2272000,4869000,6940,5380,8500
Bhutan, 2012,0,1,0,,,1,,
Bolivia (Plurinational State of), 2012,11534[8400-15000],5[1-9],11534,8400,15000,5,1,9
Botswana, 2012,302[230-430],0[0-1],302,230,430,0,0,1
Brazil, 2012,255662[246000-273000],60,255662,246000,273000,60,,
Burkina Faso, 2012,9228345[6569000-12300000],37028[32100-42000],9228345,6569000,12300000,37028,32100,42000
Burundi, 2012,1501315[900000-2373000],4876[3940-5820],1501315,900000,2373000,4876,3940,5820
Cabo Verde, 2012,1,0,1,,,0,,
Cambodia, 2012,266576[239000-300000],393[40-670],266576,239000,300000,393,40,670
Cameroon, 2012,6168031[4057000-9447000],12301[9450-15200],6168031,4057000,9447000,12301,9450,15200
Central African Republic, 2012,2023795[881000-3485000],6739[5480-7990],2023795,881000,3485000,6739,5480,7990
Chad, 2012,3296088[2209000-4858000],11575[8700-14400],3296088,2209000,4858000,11575,8700,14400
China, 2012,244,0,244,,,0,,
Colombia, 2012,83866[64000-105000],24,83866,64000,105000,24,,
Comoros, 2012,49840,126[5-200],49840,,,126,5,200
Congo, 2012,916492[537000-1538000],1951[1720-2180],916492,537000,1538000,1951,1720,2180
Costa Rica, 2012,6,0,6,,,0,,
Côte d'Ivoire, 2012,5908246[3700000-9477000],12502[10300-14700],5908246,3700000,9477000,12502,10300,14700
Democratic People's Republic of Korea, 2012,21850,0,21850,,,0,,
Democratic Republic of the Congo, 2012,22281939[14450000-34250000],48763[37300-60200],22281939,14450000,34250000,48763,37300,60200
Djibouti, 2012,25,0,25,,,0,,
Dominican Republic, 2012,1185[1000-1400],3[0-5],1185,1000,1400,3,0,5
Ecuador, 2012,544,0,544,,,0,,
Egypt, 2012,0,0,0,,,0,,
El Salvador, 2012,13,0,13,,,0,,
Equatorial Guinea, 2012,490132[308000-709000],1067[850-1280],490132,308000,709000,1067,850,1280
Eritrea, 2012,52483[33000-75000],85[6-180],52483,33000,75000,85,6,180
Eswatini, 2012,562,1[0-2],562,,,1,0,2
Ethiopia, 2012,5237442[424000-22450000],8816[50-46500],5237442,424000,22450000,8816,50,46500
Gabon, 2012,326053[145000-584000],460[400-520],326053,145000,584000,460,400,520
Gambia, 2012,531834[434000-638000],636[540-730],531834,434000,638000,636,540,730
Georgia, 2012,0,0,0,,,0,,
Ghana, 2012,9004550[6128000-13160000],14403[12600-16200],9004550,6128000,13160000,14403,12600,16200
Guatemala, 2012,6793[5600-8800],2[1-4],6793,5600,8800,2,1,4
Guinea, 2012,4452801[3251000-6051000],11578[9200-14000],4452801,3251000,6051000,11578,9200,14000
Guinea-Bissau, 2012,102959[46000-190000],660[560-760],102959,46000,190000,660,560,760
Guyana, 2012,43311[35000-53000],77[5-140],43311,35000,53000,77,5,140
Haiti, 2012,58234[36000-89000],149[4-320],58234,36000,89000,149,4,320
Honduras, 2012,8544[6800-10000],4[1-8],8544,6800,10000,4,1,8
India, 2012,14220000[10490000-19450000],20722[1980-39300],14220000,10490000,19450000,20722,1980,39300
Indonesia, 2012,2473705[1994000-3214000],3893[340-7440],2473705,1994000,3214000,3893,340,7440
Iran (Islamic Republic of), 2012,756,0,756,,,0,,
Iraq, 2012,0,0,0,,,0,,
Kazakhstan, 2012,0,0,0,,,0,,
Kenya, 2012,3252855[1862000-5394000],11990[10600-13400],3252855,1862000,5394000,11990,10600,13400
Kyrgyzstan, 2012,0,0,0,,,0,,
Lao People's Democratic Republic, 2012,98137[73000-126000],215[10-420],98137,73000,126000,215,10,420
Liberia, 2012,1033327[617000-1648000],2354[1980-2730],1033327,617000,1648000,2354,1980,2730
Madagascar, 2012,1824487[1126000-2899000],4670[130-10400],1824487,1126000,2899000,4670,130,10400
Malawi, 2012,4317650[2969000-6244000],8819[7290-10400],4317650,2969000,6244000,8819,7290,10400
Malaysia, 2012,3662,12,3662,,,12,,
Mali, 2012,6961475[4944000-9445000],19798[15500-24100],6961475,4944000,9445000,19798,15500,24100
Mauritania, 2012,105626[24000-234000],1274[1090-1460],105626,24000,234000,1274,1090,1460
Mexico, 2012,833,0,833,,,0,,
Morocco, 2012,0,4,0,,,4,,
Mozambique, 2012,9576806[7090000-12950000],17343[14100-20600],9576806,7090000,12950000,17343,14100,20600
Myanmar, 2012,1898175[1375000-2730000],3690[230-7560],1898175,1375000,2730000,3690,230,7560
Namibia, 2012,5884[2700-9700],15[0-40],5884,2700,9700,15,0,40
Nepal, 2012,13227[8300-27000],6[2-20],13227,8300,27000,6,2,20
Nicaragua, 2012,1546[1300-1800],1[0-2],1546,1300,1800,1,0,2
Niger, 2012,7660985[4461000-11860000],22040[16600-27400],7660985,4461000,11860000,22040,16600,27400
Nigeria, 2012,61587135[43510000-83800000],125290[98100-152000],61587135,43510000,83800000,125290,98100,152000
Oman, 2012,0,0,0,,,0,,
Pakistan, 2012,1652576[796000-3282000],1704[230-4250],1652576,796000,3282000,1704,230,4250
Panama, 2012,896[860-960],1,896,860,960,1,,
Papua New Guinea, 2012,1414839[503000-2815000],3048[110-8100],1414839,503000,2815000,3048,110,8100
Paraguay, 2012,0,0,0,,,0,,
Peru, 2012,39448[33000-46000],7,39448,33000,46000,7,,
Philippines, 2012,19379[14000-25000],36[2-70],19379,14000,25000,36,2,70
Republic of Korea, 2012,394,0,394,,,0,,
Rwanda, 2012,748975[596000-911000],3209[2840-3580],748975,596000,911000,3209,2840,3580
Sao Tome and Principe, 2012,12550,7,12550,,,7,,
Saudi Arabia, 2012,82,0,82,,,0,,
Senegal, 2012,835134[570000-1128000],4256[3740-4770],835134,570000,1128000,4256,3740,4770
Sierra Leone, 2012,2849037[1799000-4171000],20678[18200-23100],2849037,1799000,4171000,20678,18200,23100
Solomon Islands, 2012,52221[38000-74000],89[6-180],52221,38000,74000,89,6,180
Somalia, 2012,310864[187000-454000],795[20-1730],310864,187000,454000,795,20,1730
South Africa, 2012,5629,72,5629,,,72,,
South Sudan, 2012,1818297[1122000-2834000],5006[4300-5710],1818297,1122000,2834000,5006,4300,5710
Sri Lanka, 2012,23,0,23,,,0,,
Sudan, 2012,993585[631000-1493000],2543[70-5690],993585,631000,1493000,2543,70,5690
Suriname, 2012,356,0,356,,,0,,
Syrian Arab Republic, 2012,0,0,0,,,0,,
Tajikistan, 2012,18,0,18,,,0,,
Thailand, 2012,32569,37,32569,,,37,,
Timor-Leste, 2012,7821[6600-9100],10[1-20],7821,6600,9100,10,1,20
Togo, 2012,2399812[1634000-3435000],4676[3810-5540],2399812,1634000,3435000,4676,3810,5540
Turkey, 2012,0,0,0,,,0,,
Turkmenistan, 2012,0,0,0,,,0,,
Uganda, 2012,9074100[5816000-14490000],15821[12700-18900],9074100,5816000,14490000,15821,12700,18900
United Arab Emirates, 2012,0,0,0,,,0,,
United Republic of Tanzania, 2012,5851532[3638000-8761000],20124[17700-22600],5851532,3638000,8761000,20124,17700,22600
Uzbekistan, 2012,0,0,0,,,0,,
Vanuatu, 2012,8408[6400-12000],12[1-20],8408,6400,12000,12,1,20
Venezuela (Bolivarian Republic of), 2012,67122[56000-86000],62[10-110],67122,56000,86000,62,10,110
Viet Nam, 2012,23838[22000-27000],40[3-70],23838,22000,27000,40,3,70
Yemen, 2012,849989[578000-1295000],2169[70-4360],849989,578000,1295000,2169,70,4360
Zambia, 2012,2681660[1807000-3828000],6865[5870-7860],2681660,1807000,3828000,6865,5870,7860
Zimbabwe, 2012,592186[408000-791000],1515[40-2980],592186,408000,791000,1515,40,2980
Afghanistan, 2011,454823[210000-746000],242[70-490],454823,210000,746000,242,70,490
Algeria, 2011,1,0,1,,,0,,
Angola, 2011,3040461[1910000-4456000],12763[9270-16300],3040461,1910000,4456000,12763,9270,16300
Argentina, 2011,0,0,0,,,0,,
Armenia, 2011,0,0,0,,,0,,
Azerbaijan, 2011,4,0,4,,,0,,
Bangladesh, 2011,102302[88000-118000],250[10-420],102302,88000,118000,250,10,420
Belize, 2011,72,0,72,,,0,,
Benin, 2011,3515943[2362000-5240000],7554[5900-9210],3515943,2362000,5240000,7554,5900,9210
Bhutan, 2011,228,1,228,,,1,,
Bolivia (Plurinational State of), 2011,10175[7600-13000],5[1-9],10175,7600,13000,5,1,9
Botswana, 2011,678[520-970],1[0-3],678,520,970,1,0,3
Brazil, 2011,281346[271000-300000],70,281346,271000,300000,70,,
Burkina Faso, 2011,9320362[6648000-12390000],40873[35100-46600],9320362,6648000,12390000,40873,35100,46600
Burundi, 2011,1546912[916000-2506000],4724[3800-5660],1546912,916000,2506000,4724,3800,5660
Cabo Verde, 2011,7,1,7,,,1,,
Cambodia, 2011,376898[338000-424000],657[50-1120],376898,338000,424000,657,50,1120
Cameroon, 2011,5462230[3592000-8136000],11848[9060-14600],5462230,3592000,8136000,11848,9060,14600
Central African Republic, 2011,2118745[1003000-3588000],7426[6020-8830],2118745,1003000,3588000,7426,6020,8830
Chad, 2011,3565593[2570000-4807000],12809[9660-16000],3565593,2570000,4807000,12809,9660,16000
China, 2011,3367,33,3367,,,33,,
Colombia, 2011,83763[64000-104000],23,83763,64000,104000,23,,
Comoros, 2011,24856,61[2-100],24856,,,61,2,100
Congo, 2011,861145[485000-1412000],1948[1710-2190],861145,485000,1412000,1948,1710,2190
Costa Rica, 2011,10,0,10,,,0,,
Côte d'Ivoire, 2011,7525922[5095000-11190000],14960[12200-17700],7525922,5095000,11190000,14960,12200,17700
Democratic People's Republic of Korea, 2011,16760,0,16760,,,0,,
Democratic Republic of the Congo, 2011,22535174[14950000-34200000],53765[41200-66300],22535174,14950000,34200000,53765,41200,66300
Djibouti, 2011,0,0,0,,,0,,
Dominican Republic, 2011,2010[1700-2300],5[0-8],2010,1700,2300,5,0,8
Ecuador, 2011,1219,0,1219,,,0,,
Egypt, 2011,0,4,0,,,4,,
El Salvador, 2011,9,0,9,,,0,,
Equatorial Guinea, 2011,481385[302000-706000],1079[860-1300],481385,302000,706000,1079,860,1300
Eritrea, 2011,76678[49000-107000],142[9-290],76678,49000,107000,142,9,290
Eswatini, 2011,549,1[0-2],549,,,1,0,2
Ethiopia, 2011,5094685[410000-22710000],8489[50-45000],5094685,410000,22710000,8489,50,45000
Gabon, 2011,309019[145000-576000],438[380-490],309019,145000,576000,438,380,490
Gambia, 2011,483793[400000-577000],631[530-730],483793,400000,577000,631,530,730
Georgia, 2011,0,0,0,,,0,,
Ghana, 2011,9251148[6348000-13300000],14954[13000-16900],9251148,6348000,13300000,14954,13000,16900
Guatemala, 2011,8638[7200-11000],3[1-6],8638,7200,11000,3,1,6
Guinea, 2011,4455792[3236000-6069000],12479[9870-15100],4455792,3236000,6069000,12479,9870,15100
Guinea-Bissau, 2011,113666[56000-192000],664[560-770],113666,56000,192000,664,560,770
Guyana, 2011,40880[33000-50000],76[4-140],40880,33000,50000,76,4,140
Haiti, 2011,79329[49000-122000],203[5-440],79329,49000,122000,203,5,440
Honduras, 2011,9969[7900-12000],5[1-9],9969,7900,12000,5,1,9
India, 2011,17520000[12760000-23930000],25990[2360-49100],17520000,12760000,23930000,25990,2360,49100
Indonesia, 2011,2488590[2013000-3226000],3921[340-7430],2488590,2013000,3226000,3921,340,7430
Iran (Islamic Republic of), 2011,1632,0,1632,,,0,,
Iraq, 2011,0,0,0,,,0,,
Kazakhstan, 2011,0,0,0,,,0,,
Kenya, 2011,2930265[1701000-4797000],11834[10400-13200],2930265,1701000,4797000,11834,10400,13200
Kyrgyzstan, 2011,0,0,0,,,0,,
Lao People's Democratic Republic, 2011,36513[27000-47000],87[3-160],36513,27000,47000,87,3,160
Liberia, 2011,1253129[785000-2007000],2554[2120-2980],1253129,785000,2007000,2554,2120,2980
Madagascar, 2011,841836[524000-1225000],2155[60-4520],841836,524000,1225000,2155,60,4520
Malawi, 2011,4476529[3085000-6518000],9085[7480-10700],4476529,3085000,6518000,9085,7480,10700
Malaysia, 2011,3954,12,3954,,,12,,
Mali, 2011,6279267[4466000-8577000],19409[15200-23600],6279267,4466000,8577000,19409,15200,23600
Mauritania, 2011,171669[43000-357000],1250[1060-1440],171669,43000,357000,1250,1060,1440
Mexico, 2011,1124,0,1124,,,0,,
Morocco, 2011,0,0,0,,,0,,
Mozambique, 2011,8930459[6554000-12230000],17478[14100-20800],8930459,6554000,12230000,17478,14100,20800
Myanmar, 2011,1322336[1036000-1724000],2471[160-4650],1322336,1036000,1724000,2471,160,4650
Namibia, 2011,3671[2600-5400],9[0-20],3671,2600,5400,9,0,20
Nepal, 2011,24062[15000-45000],10[3-20],24062,15000,45000,10,3,20
Nicaragua, 2011,1158[970-1400],0[0-1],1158,970,1400,0,0,1
Niger, 2011,7323097[4124000-11200000],22258[16800-27800],7323097,4124000,11200000,22258,16800,27800
Nigeria, 2011,60529456[43880000-82700000],136533[107000-166000],60529456,43880000,82700000,136533,107000,166000
Oman, 2011,0,0,0,,,0,,
Pakistan, 2011,1905938[933000-3682000],1814[280-4330],1905938,933000,3682000,1814,280,4330
Panama, 2011,376[360-400],0,376,360,400,0,,
Papua New Guinea, 2011,1045967[388000-1806000],2344[80-5580],1045967,388000,1806000,2344,80,5580
Paraguay, 2011,1,0,1,,,0,,
Peru, 2011,30122[26000-34000],1,30122,26000,34000,1,,
Philippines, 2011,24222[18000-31000],48[2-90],24222,18000,31000,48,2,90
Republic of Korea, 2011,505,2,505,,,2,,
Rwanda, 2011,401794[301000-511000],3218[2820-3620],401794,301000,511000,3218,2820,3620
Sao Tome and Principe, 2011,8442,19,8442,,,19,,
Saudi Arabia, 2011,69,0,69,,,0,,
Senegal, 2011,709373[498000-942000],4271[3720-4820],709373,498000,942000,4271,3720,4820
Sierra Leone, 2011,3006695[1957000-4314000],22419[19500-25300],3006695,1957000,4314000,22419,19500,25300
Solomon Islands, 2011,62676[44000-92000],109[8-230],62676,44000,92000,109,8,230
Somalia, 2011,301405[181000-441000],771[20-1680],301405,181000,441000,771,20,1680
South Africa, 2011,9866,54,9866,,,54,,
South Sudan, 2011,1939487[1248000-2904000],5136[4380-5890],1939487,1248000,2904000,5136,4380,5890
Sri Lanka, 2011,124,0,124,,,0,,
Sudan, 2011,951357[611000-1442000],2435[70-5500],951357,611000,1442000,2435,70,5500
Suriname, 2011,771,1,771,,,1,,
Syrian Arab Republic, 2011,0,0,0,,,0,,
Tajikistan, 2011,65,0,65,,,0,,
Thailand, 2011,24897,43,24897,,,43,,
Timor-Leste, 2011,33063[26000-41000],70[3-130],33063,26000,41000,70,3,130
Togo, 2011,2350507[1593000-3322000],4814[3910-5720],2350507,1593000,3322000,4814,3910,5720
Turkey, 2011,0,0,0,,,0,,
Turkmenistan, 2011,0,0,0,,,0,,
Uganda, 2011,10686032[7124000-16720000],18393[14700-22100],10686032,7124000,16720000,18393,14700,22100
United Arab Emirates, 2011,0,0,0,,,0,,
United Republic of Tanzania, 2011,6300351[3854000-9585000],20131[17600-22700],6300351,3854000,9585000,20131,17600,22700
Uzbekistan, 2011,0,0,0,,,0,,
Vanuatu, 2011,11651[8800-16000],14[1-30],11651,8800,16000,14,1,30
Venezuela (Bolivarian Republic of), 2011,58086[48000-75000],51[9-90],58086,48000,75000,51,9,90
Viet Nam, 2011,20206[19000-23000],35[2-60],20206,19000,23000,35,2,60
Yemen, 2011,792458[480000-1406000],2013[70-4620],792458,480000,1406000,2013,70,4620
Zambia, 2011,2298064[1550000-3291000],6688[5710-7660],2298064,1550000,3291000,6688,5710,7660
Zimbabwe, 2011,718725[473000-982000],1839[50-3720],718725,473000,982000,1839,50,3720
Afghanistan, 2010,353343[181000-581000],200[60-410],353343,181000,581000,200,60,410
Algeria, 2010,1,1,1,,,1,,
Angola, 2010,3125901[2009000-4595000],13351[9730-17000],3125901,2009000,4595000,13351,9730,17000
Argentina, 2010,14,0,14,,,0,,
Armenia, 2010,0,0,0,,,0,,
Azerbaijan, 2010,50,0,50,,,0,,
Bangladesh, 2010,113895[97000-133000],274[10-470],113895,97000,133000,274,10,470
Belize, 2010,150,0,150,,,0,,
Benin, 2010,3713395[2495000-5565000],8273[6520-10000],3713395,2495000,5565000,8273,6520,10000
Bhutan, 2010,526,2,526,,,2,,
Bolivia (Plurinational State of), 2010,19614[15000-25000],11[3-20],19614,15000,25000,11,3,20
Botswana, 2010,3072[1300-8600],7[0-30],3072,1300,8600,7,0,30
Brazil, 2010,384655[346000-417000],76,384655,346000,417000,76,,
Burkina Faso, 2010,9221846[6578000-12230000],43695[37300-50100],9221846,6578000,12230000,43695,37300,50100
Burundi, 2010,1608931[955000-2677000],4801[3840-5760],1608931,955000,2677000,4801,3840,5760
Cabo Verde, 2010,47,1,47,,,1,,
Cambodia, 2010,361377[304000-430000],659[40-1170],361377,304000,430000,659,40,1170
Cameroon, 2010,5361329[3578000-7972000],12340[9450-15200],5361329,3578000,7972000,12340,9450,15200
Central African Republic, 2010,2140887[1060000-3519000],8165[6590-9730],2140887,1060000,3519000,8165,6590,9730
Chad, 2010,3594883[2594000-4735000],13695[10300-17000],3594883,2594000,4735000,13695,10300,17000
China, 2010,4990,19,4990,,,19,,
Colombia, 2010,163874[125000-204000],42,163874,125000,204000,42,,
Comoros, 2010,36538,90[3-140],36538,,,90,3,140
Congo, 2010,835820[468000-1370000],1962[1710-2210],835820,468000,1370000,1962,1710,2210
Costa Rica, 2010,110,0,110,,,0,,
Côte d'Ivoire, 2010,7939844[5391000-11380000],16925[13800-20000],7939844,5391000,11380000,16925,13800,20000
Democratic People's Republic of Korea, 2010,13520,0,13520,,,0,,
Democratic Republic of the Congo, 2010,23691683[16060000-35620000],62375[48100-76600],23691683,16060000,35620000,62375,48100,76600
Djibouti, 2010,1010,0,1010,,,0,,
Dominican Republic, 2010,4247[3600-5000],10[0-20],4247,3600,5000,10,0,20
Ecuador, 2010,1888,0,1888,,,0,,
Egypt, 2010,0,2,0,,,2,,
El Salvador, 2010,19,0,19,,,0,,
Equatorial Guinea, 2010,381639[239000-558000],1047[840-1260],381639,239000,558000,1047,840,1260
Eritrea, 2010,83471[53000-119000],161[9-330],83471,53000,119000,161,9,330
Eswatini, 2010,268,0[0-1],268,,,0,0,1
Ethiopia, 2010,7701107[478000-27080000],14514[60-64700],7701107,478000,27080000,14514,60,64700
Gabon, 2010,285725[130000-549000],413[360-460],285725,130000,549000,413,360,460
Gambia, 2010,465479[367000-580000],619[520-720],465479,367000,580000,619,520,720
Georgia, 2010,0,0,0,,,0,,
Ghana, 2010,9171294[6265000-13160000],15241[13200-17300],9171294,6265000,13160000,15241,13200,17300
Guatemala, 2010,9545[7900-12000],3[1-7],9545,7900,12000,3,1,7
Guinea, 2010,4348149[3111000-5940000],12896[10200-15600],4348149,3111000,5940000,12896,10200,15600
Guinea-Bissau, 2010,122027[67000-203000],664[550-770],122027,67000,203000,664,550,770
Guyana, 2010,32656[26000-41000],57[4-100],32656,26000,41000,57,4,100
Haiti, 2010,82766[48000-131000],211[5-480],82766,48000,131000,211,5,480
Honduras, 2010,13106[10000-16000],7[2-10],13106,10000,16000,7,2,10
India, 2010,20490000[15080000-28300000],30930[2770-58600],20490000,15080000,28300000,30930,2770,58600
Indonesia, 2010,2730079[2199000-3531000],4364[380-8290],2730079,2199000,3531000,4364,380,8290
Iran (Islamic Republic of), 2010,1847,0,1847,,,0,,
Iraq, 2010,0,0,0,,,0,,
Kazakhstan, 2010,0,0,0,,,0,,
Kenya, 2010,2845913[1647000-4630000],11375[10000-12700],2845913,1647000,4630000,11375,10000,12700
Kyrgyzstan, 2010,3,0,3,,,0,,
Lao People's Democratic Republic, 2010,40528[30000-54000],101[3-190],40528,30000,54000,101,3,190
Liberia, 2010,1295630[838000-2051000],2764[2280-3250],1295630,838000,2051000,2764,2280,3250
Madagascar, 2010,937413[559000-1501000],2399[70-5360],937413,559000,1501000,2399,70,5360
Malawi, 2010,4602005[3214000-6681000],9506[7800-11200],4602005,3214000,6681000,9506,7800,11200
Malaysia, 2010,5194,13,5194,,,13,,
Mali, 2010,5772983[4132000-7960000],17725[13900-21600],5772983,4132000,7960000,17725,13900,21600
Mauritania, 2010,128567[21000-287000],1226[1040-1410],128567,21000,287000,1226,1040,1410
Mexico, 2010,1226,0,1226,,,0,,
Morocco, 2010,3,2,3,,,2,,
Mozambique, 2010,8455521[6102000-11640000],17542[14200-20900],8455521,6102000,11640000,17542,14200,20900
Myanmar, 2010,2019172[1393000-3044000],3885[240-8270],2019172,1393000,3044000,3885,240,8270
Namibia, 2010,2601[800-6200],6[0-20],2601,800,6200,6,0,20
Nepal, 2010,30690[15000-63000],27[4-70],30690,15000,63000,27,4,70
Nicaragua, 2010,866[730-1000],0[0-1],866,730,1000,0,0,1
Niger, 2010,7007707[3855000-10710000],21750[16400-27200],7007707,3855000,10710000,21750,16400,27200
Nigeria, 2010,60749349[43800000-83240000],146734[115000-179000],60749349,43800000,83240000,146734,115000,179000
Oman, 2010,7,0,7,,,0,,
Pakistan, 2010,1445704[660000-2959000],1617[190-4250],1445704,660000,2959000,1617,190,4250
Panama, 2010,444[430-470],1,444,430,470,1,,
Papua New Guinea, 2010,1240109[439000-2154000],2634[100-6250],1240109,439000,2154000,2634,100,6250
Paraguay, 2010,18,0,18,,,0,,
Peru, 2010,37121[33000-42000],0,37121,33000,42000,0,,
Philippines, 2010,54209[39000-71000],114[5-220],54209,39000,71000,114,5,220
Republic of Korea, 2010,1267,1,1267,,,1,,
Rwanda, 2010,1260186[848000-1729000],3253[2820-3690],1260186,848000,1729000,3253,2820,3690
Sao Tome and Principe, 2010,2740,14,2740,,,14,,
Saudi Arabia, 2010,29,0,29,,,0,,
Senegal, 2010,792643[563000-1046000],4284[3710-4860],792643,563000,1046000,4284,3710,4860
Sierra Leone, 2010,3031470[1954000-4234000],23575[20400-26800],3031470,1954000,4234000,23575,20400,26800
Solomon Islands, 2010,91425[65000-132000],163[10-330],91425,65000,132000,163,10,330
Somalia, 2010,356323[214000-527000],912[20-1990],356323,214000,527000,912,20,1990
South Africa, 2010,8060,83,8060,,,83,,
South Sudan, 2010,1940101[1283000-2836000],5286[4470-6110],1940101,1283000,2836000,5286,4470,6110
Sri Lanka, 2010,684,0,684,,,0,,
Sudan, 2010,961960[606000-1453000],2462[70-5520],961960,606000,1453000,2462,70,5520
Suriname, 2010,1712,1,1712,,,1,,
Syrian Arab Republic, 2010,0,0,0,,,0,,
Tajikistan, 2010,111,0,111,,,0,,
Thailand, 2010,32480,80,32480,,,80,,
Timor-Leste, 2010,103604[74000-137000],200[10-390],103604,74000,137000,200,10,390
Togo, 2010,2366948[1580000-3356000],5064[4100-6030],2366948,1580000,3356000,5064,4100,6030
Turkey, 2010,0,0,0,,,0,,
Turkmenistan, 2010,0,0,0,,,0,,
Uganda, 2010,11503116[7618000-17700000],21558[17200-26000],11503116,7618000,17700000,21558,17200,26000
United Arab Emirates, 2010,0,0,0,,,0,,
United Republic of Tanzania, 2010,6545932[3955000-9995000],20281[17600-23000],6545932,3955000,9995000,20281,17600,23000
Uzbekistan, 2010,3,0,3,,,0,,
Vanuatu, 2010,15695[12000-20000],20[2-40],15695,12000,20000,20,2,40
Venezuela (Bolivarian Republic of), 2010,57257[47000-74000],52[9-90],57257,47000,74000,52,9,90
Viet Nam, 2010,23062[21000-26000],45[2-80],23062,21000,26000,45,2,80
Yemen, 2010,1134927[611000-2686000],2874[90-8490],1134927,611000,2686000,2874,90,8490
Zambia, 2010,2169307[1449000-3095000],6544[5580-7510],2169307,1449000,3095000,6544,5580,7510
Zimbabwe, 2010,1095083[606000-1717000],2803[80-6190],1095083,606000,1717000,2803,80,6190
